{"((-1, -1, -1, -1), (0, 0, 0, 0))":0,"((-1, -1, -1, -1), (2, 2, 1, 1))":28.65320285193395,"((1, 1, 0, 0), (0, 0, 0, 0))":15.288651655533577,"((1, 1, 0, 0), (0, 1, 0, 0))":13.516089322492205,"((1, 1, 0, 0), (0, 0, 1, 0))":69.77511006135006,"((1, 2, 0, 0), (0, 0, 0, 0))":-0.6477447400508503,"((1, 2, 0, 0), (1, 0, 0, 0))":-0.1216392970098789,"((1, 2, 0, 0), (0, -1, 0, 0))":5.424967826611864,"((1, 2, 0, 0), (0, 0, 1, 0))":59.982515825589054,"((1, 2, 0, 0), (0, 0, 0, 1))":0.22117373753524103,"((2, 2, 0, 0), (0, 0, 0, 0))":1.168713116991875,"((2, 2, 0, 0), (-1, 0, 0, 0))":13.710036992274025,"((2, 2, 0, 0), (0, 0, 1, 0))":0,"((2, 2, 0, 0), (0, 0, 0, 1))":1.573332346472035,"((1, 2, 1, 0), (0, 0, 0, 0))":6.311526296728343,"((1, 2, 1, 0), (1, 0, 0, 0))":-28.72082896374056,"((1, 2, 1, 0), (0, -1, 0, 0))":17.95273844030729,"((1, 2, 1, 0), (0, 0, -1, 0))":-13.70727992574088,"((1, 2, 1, 0), (0, 0, 1, 0))":-12.089080103622559,"((2, 2, 1, 0), (0, 0, 0, 0))":5.778937878704376,"((2, 2, 1, 0), (-1, 0, 0, 0))":13.930804624687923,"((2, 2, 1, 0), (0, 0, -1, 0))":1.9307942037908001,"((2, 2, 1, 0), (0, 0, 1, 0))":50.64549276086061,"((2, 2, 1, 0), (0, 0, 0, 1))":0,"((2, 2, 2, 0), (0, 0, 0, 0))":-0.6208655325436993,"((2, 2, 2, 0), (-1, 0, 0, 0))":-7.614413210366545,"((2, 2, 2, 0), (0, 0, -1, 0))":-16.926511616447,"((1, 2, 2, 0), (0, 0, 0, 0))":7.532123816741065,"((1, 2, 2, 0), (1, 0, 0, 0))":31.2667642476696,"((1, 2, 2, 0), (0, 0, -1, 0))":28.647905636025964,"((1, 1, 1, 0), (0, 0, 0, 0))":2.4293238267590835,"((1, 1, 1, 0), (0, 1, 0, 0))":-0.2331185460276619,"((1, 1, 1, 0), (0, 0, -1, 0))":-10.840257264333758,"((2, 2, 0, 1), (0, 0, 0, 0))":0,"((2, 2, 0, 1), (-1, 0, 0, 0))":0,"((2, 2, 0, 1), (0, 0, 1, 0))":0.8107249536190447,"((2, 2, 0, 1), (0, 0, 0, -1))":0,"((2, 2, 0, 1), (0, 0, 0, 1))":-1.0740504348745055,"((2, 2, 0, 2), (0, 0, 0, 0))":0,"((2, 2, 0, 2), (0, 0, 1, 0))":-0.8303678019935217,"((2, 2, 0, 2), (0, 0, 0, -1))":0,"((2, 2, 1, 2), (0, 0, 0, 0))":-0.506175345328479,"((2, 2, 1, 2), (0, 0, -1, 0))":0,"((2, 2, 1, 2), (0, 0, 0, -1))":7.120274954112496,"((2, 2, 1, 1), (0, 0, 0, 0))":-0.13718151972806097,"((2, 2, 1, 1), (0, 0, -1, 0))":0,"((2, 2, 1, 1), (0, 0, 0, -1))":-2.0060081383655914,"((2, 2, 1, 1), (0, 0, 0, 1))":-3.489942900345458,"((1, 2, 0, 1), (0, 0, 0, 0))":0,"((1, 2, 0, 1), (1, 0, 0, 0))":0.7049741179440417,"((1, 2, 0, 1), (0, 0, 0, -1))":0}