{"(-1, -1, -1, -1)":[21.899690660602012,4.07042392822639],"(1, 1, 0, 0)":[46.296435243222724,7.8001703518371635],"(1, 1, 1, 0)":[26.104707373367365,9.810414326296131],"(1, 2, 0, 1)":[11.619986059693165,6.816946690700013],"(1, 2, 0, 0)":[40.44497162225916,8.641454710274118],"(1, 2, 1, 0)":[48.190666004171014,2.6168274986058337],"(1, 2, 2, 0)":[61.02596459286611,4.4582340277177215],"(2, 2, 0, 2)":[69.883943945273,3.2175337827963912],"(2, 2, 0, 1)":[4.403942525426052,7.1230628362638715],"(2, 2, 1, 2)":[66.71173450169053,9.874466483787371],"(2, 2, 1, 1)":[94.85808718517269,7.993337222061082],"(2, 2, 0, 0)":[89.69313294283725,0.664508407298936],"(2, 2, 1, 0)":[33.457504740620614,2.5501979990956167],"(2, 2, 2, 0)":[93.75727415238006,6.571602490670868]}