{"(-1, -1, -1, -1)":[9.467604626965098,1.677194269942216],"(1, 1, 0, 0)":[44.13487450881273,3.45915946493213],"(1, 1, 1, 0)":[42.021096217823505,6.349743970736682],"(1, 2, 0, 1)":[92.93656014391165,9.612535139248504],"(1, 2, 0, 0)":[-71.25638725175926,2.313598614058235],"(1, 2, 1, 0)":[-17.601020652506417,1.4983615476486833],"(1, 2, 2, 0)":[-27.092020374449866,6.44581405150123],"(2, 2, 0, 2)":[42.44581103974103,5.708611638569925],"(2, 2, 0, 1)":[-60.06386169418646,3.51737779188018],"(2, 2, 1, 2)":[8.902203444521872,7.537200396922613],"(2, 2, 1, 1)":[78.07869125534641,2.5595683633640554],"(2, 2, 0, 0)":[6.461189415954549,2.388575098658754],"(2, 2, 1, 0)":[58.53093469612932,4.151107149929238],"(2, 2, 2, 0)":[90.47262716588163,8.299537748128218]}