{"((-1, -1, -1, -1), (0, 0, 0, 0))":0,"((-1, -1, -1, -1), (2, 2, 1, 1))":-55.0655665847924,"((1, 1, 0, 0), (0, 0, 0, 0))":0,"((1, 1, 0, 0), (0, 1, 0, 0))":0,"((1, 1, 0, 0), (0, 0, 1, 0))":-12.370737190686778,"((1, 1, 1, 0), (0, 0, 0, 0))":0,"((1, 1, 1, 0), (0, 1, 0, 0))":28.701847895542286,"((1, 1, 1, 0), (0, 0, -1, 0))":0,"((1, 2, 1, 0), (0, 0, 0, 0))":-0.8955413795493461,"((1, 2, 1, 0), (1, 0, 0, 0))":-23.834163408764898,"((1, 2, 1, 0), (0, -1, 0, 0))":-1.6904383613814522,"((1, 2, 1, 0), (0, 0, -1, 0))":-1.827249653616886,"((1, 2, 1, 0), (0, 0, 1, 0))":-0.19228683888213868,"((2, 2, 1, 0), (0, 0, 0, 0))":10.817937546669478,"((2, 2, 1, 0), (-1, 0, 0, 0))":8.245476512782979,"((2, 2, 1, 0), (0, 0, -1, 0))":-0.2615175974442939,"((2, 2, 1, 0), (0, 0, 1, 0))":54.0874918610779,"((2, 2, 1, 0), (0, 0, 0, 1))":-3.2732190115980324,"((2, 2, 2, 0), (0, 0, 0, 0))":-0.4800592916496117,"((2, 2, 2, 0), (-1, 0, 0, 0))":-17.864356163200245,"((2, 2, 2, 0), (0, 0, -1, 0))":-9.287880519592397,"((1, 2, 2, 0), (0, 0, 0, 0))":11.222100853931138,"((1, 2, 2, 0), (1, 0, 0, 0))":80.96439021427257,"((1, 2, 2, 0), (0, 0, -1, 0))":16.29640713379391,"((2, 2, 1, 1), (0, 0, 0, 0))":0,"((2, 2, 1, 1), (0, 0, -1, 0))":0,"((2, 2, 1, 1), (0, 0, 0, -1))":4.6664074415874826,"((2, 2, 1, 1), (0, 0, 0, 1))":-6.622851989236095,"((2, 2, 1, 2), (0, 0, 0, 0))":1.397288125204419,"((2, 2, 1, 2), (0, 0, -1, 0))":-1.2581047605903575,"((2, 2, 1, 2), (0, 0, 0, -1))":6.796688875399505,"((2, 2, 0, 2), (0, 0, 0, 0))":0,"((2, 2, 0, 2), (0, 0, 1, 0))":0.8419099023504911,"((2, 2, 0, 2), (0, 0, 0, -1))":0,"((1, 2, 0, 0), (0, 0, 0, 0))":0,"((1, 2, 0, 0), (1, 0, 0, 0))":-0.44629623031753946,"((1, 2, 0, 0), (0, -1, 0, 0))":0,"((1, 2, 0, 0), (0, 0, 1, 0))":0,"((1, 2, 0, 0), (0, 0, 0, 1))":0,"((2, 2, 0, 0), (0, 0, 0, 0))":0,"((2, 2, 0, 0), (-1, 0, 0, 0))":0,"((2, 2, 0, 0), (0, 0, 1, 0))":2.396609755341861,"((2, 2, 0, 0), (0, 0, 0, 1))":3.5556370791590353,"((2, 2, 0, 1), (0, 0, 0, 0))":0,"((2, 2, 0, 1), (-1, 0, 0, 0))":0,"((2, 2, 0, 1), (0, 0, 1, 0))":-3.4736289004043552,"((2, 2, 0, 1), (0, 0, 0, -1))":0,"((2, 2, 0, 1), (0, 0, 0, 1))":0}