{"((-1, -1, -1, -1), (0, 0, 0, 0))":0,"((-1, -1, -1, -1), (2, 2, 1, 1))":0.051873166199965404,"((1, 1, 0, 0), (0, 0, 0, 0))":0,"((1, 1, 0, 0), (0, 1, 0, 0))":0.003126599840207978,"((1, 1, 0, 0), (0, 0, 1, 0))":0,"((1, 2, 0, 0), (0, 0, 0, 0))":0,"((1, 2, 0, 0), (1, 0, 0, 0))":0.0502020227125582,"((1, 2, 0, 0), (0, -1, 0, 0))":0,"((1, 2, 0, 0), (0, 1, 0, 0))":0,"((1, 2, 0, 0), (0, 0, 1, 0))":0,"((1, 2, 0, 0), (0, 0, 0, 1))":0,"((2, 2, 0, 0), (0, 0, 0, 0))":0,"((2, 2, 0, 0), (-1, 0, 0, 0))":-0.004382598853946261,"((2, 2, 0, 0), (0, 1, 0, 0))":-0.01637943012901057,"((2, 2, 0, 0), (0, 0, 1, 0))":0,"((2, 2, 0, 0), (0, 0, 0, 1))":0,"((2, 3, 0, 0), (0, 0, 0, 0))":0,"((2, 3, 0, 0), (-1, 0, 0, 0))":0,"((2, 3, 0, 0), (1, 0, 0, 0))":0.02956720170648517,"((2, 3, 0, 0), (0, -1, 0, 0))":0,"((2, 3, 0, 0), (0, 0, 1, 0))":0,"((2, 3, 0, 0), (0, 0, 0, 1))":0,"((3, 3, 0, 0), (0, 0, 0, 0))":-0.003671729235329383,"((3, 3, 0, 0), (-1, 0, 0, 0))":0,"((3, 3, 0, 0), (0, 0, 1, 0))":0,"((3, 3, 0, 0), (0, 0, 0, 1))":-0.030832667350996105,"((3, 3, 0, 1), (0, 0, 0, 0))":0,"((3, 3, 0, 1), (-1, 0, 0, 0))":0,"((3, 3, 0, 1), (0, 0, 1, 0))":0.007380657341074774,"((3, 3, 0, 1), (0, 0, 0, -1))":0,"((3, 3, 0, 1), (0, 0, 0, 1))":0,"((3, 3, 1, 1), (0, 0, 0, 0))":0,"((3, 3, 1, 1), (-1, 0, 0, 0))":0,"((3, 3, 1, 1), (0, 0, -1, 0))":0,"((3, 3, 1, 1), (0, 0, 1, 0))":0.164086414396489,"((3, 3, 1, 1), (0, 0, 0, -1))":0,"((3, 3, 1, 1), (0, 0, 0, 1))":0,"((3, 3, 2, 1), (0, 0, 0, 0))":-0.10228871764027349,"((3, 3, 2, 1), (-1, 0, 0, 0))":0,"((3, 3, 2, 1), (0, 0, -1, 0))":0,"((3, 3, 2, 1), (0, 0, 1, 0))":-0.046172912327424084,"((3, 3, 2, 1), (0, 0, 0, -1))":0.13472901483485927,"((3, 3, 2, 1), (0, 0, 0, 1))":-0.0342401820666515,"((3, 3, 3, 1), (0, 0, 0, 0))":0.09164800699536876,"((3, 3, 3, 1), (-1, 0, 0, 0))":-0.04319897826751499,"((3, 3, 3, 1), (0, 0, -1, 0))":0.12051293943198152,"((3, 3, 3, 1), (0, 0, 0, -1))":0.3172794737424957,"((3, 3, 3, 0), (0, 0, 0, 0))":-0.23944572034782285,"((3, 3, 3, 0), (-1, 0, 0, 0))":-0.07713842721687753,"((3, 3, 3, 0), (0, 0, -1, 0))":-0.3676610743560884,"((3, 3, 3, 0), (0, 0, 0, 1))":-0.08312380263148456,"((3, 3, 2, 0), (0, 0, 0, 0))":-0.24350517679359301,"((3, 3, 2, 0), (-1, 0, 0, 0))":-0.07130054629362159,"((3, 3, 2, 0), (0, 0, -1, 0))":-0.10848033638842369,"((3, 3, 2, 0), (0, 0, 1, 0))":0.07539844622060421,"((3, 3, 2, 0), (0, 0, 0, 1))":-0.054056375380063054,"((2, 3, 2, 0), (0, 0, 0, 0))":-0.012130632937773712,"((2, 3, 2, 0), (-1, 0, 0, 0))":0,"((2, 3, 2, 0), (1, 0, 0, 0))":0.1797815912354436,"((2, 3, 2, 0), (0, -1, 0, 0))":0,"((2, 3, 2, 0), (0, 0, -1, 0))":0,"((2, 3, 2, 0), (0, 0, 1, 0))":0.06282945805636439,"((2, 3, 2, 0), (0, 0, 0, 1))":-7.945675607124286e-5,"((3, 3, 2, 2), (0, 0, 0, 0))":0,"((3, 3, 2, 2), (-1, 0, 0, 0))":0,"((3, 3, 2, 2), (0, 0, -1, 0))":0,"((3, 3, 2, 2), (0, 0, 0, -1))":-0.1128526203018214,"((2, 3, 3, 0), (0, 0, 0, 0))":-0.030016699216643652,"((2, 3, 3, 0), (-1, 0, 0, 0))":-0.03909607993224218,"((2, 3, 3, 0), (1, 0, 0, 0))":0.23703386571294827,"((2, 3, 3, 0), (0, 0, -1, 0))":0.01433753005508835,"((2, 3, 3, 0), (0, 0, 0, 1))":-0.043184550377528115,"((3, 3, 1, 0), (0, 0, 0, 0))":0,"((3, 3, 1, 0), (-1, 0, 0, 0))":0,"((3, 3, 1, 0), (0, 0, -1, 0))":0,"((3, 3, 1, 0), (0, 0, 1, 0))":0.06284861356440136,"((3, 3, 1, 0), (0, 0, 0, 1))":0,"((2, 3, 3, 1), (0, 0, 0, 0))":0,"((2, 3, 3, 1), (1, 0, 0, 0))":0.17891733269197505,"((2, 3, 3, 1), (0, 0, -1, 0))":0.004404528847313638,"((2, 3, 3, 1), (0, 0, 0, -1))":0.036741267213595406,"((1, 3, 3, 0), (0, 0, 0, 0))":0,"((1, 3, 3, 0), (1, 0, 0, 0))":0.08049194300884158,"((1, 3, 3, 0), (0, 0, -1, 0))":0.0015190342589890549,"((2, 3, 2, 1), (0, 0, 0, 0))":0,"((2, 3, 2, 1), (-1, 0, 0, 0))":0,"((2, 3, 2, 1), (1, 0, 0, 0))":-0.0031162070790114807,"((2, 3, 2, 1), (0, 0, -1, 0))":0,"((2, 3, 2, 1), (0, 0, 1, 0))":0,"((2, 3, 2, 1), (0, 0, 0, -1))":0,"((2, 3, 2, 1), (0, 0, 0, 1))":0,"((1, 3, 2, 0), (0, 0, 0, 0))":0,"((1, 3, 2, 0), (1, 0, 0, 0))":0.03419462643639719,"((1, 3, 2, 0), (0, -1, 0, 0))":0,"((1, 3, 2, 0), (0, 0, -1, 0))":0,"((1, 3, 2, 0), (0, 0, 1, 0))":0,"((1, 3, 2, 0), (0, 0, 0, 1))":0}