{"(-1, -1, -1, -1)":[-98.65820163894828,2.2805511119812625],"(1, 1, 0, 0)":[26.96645762490971,6.2356783625162615],"(1, 1, 1, 0)":[-97.14290773571392,9.82565878710249],"(1, 2, 0, 1)":[27.5740700967403,7.302726024051575],"(1, 2, 0, 0)":[-17.325912105841734,4.2773246880198945],"(1, 2, 1, 0)":[83.41083601374847,3.0174426239811867],"(1, 2, 2, 0)":[31.871865107453125,4.661295686041948],"(2, 2, 0, 2)":[24.181642024272755,3.0360263865174497],"(2, 2, 0, 1)":[41.83712052447428,1.1991169646319855],"(2, 2, 1, 2)":[-4.659475065426477,5.28469591646636],"(2, 2, 1, 1)":[60.59566285337582,3.6269868165743038],"(2, 2, 0, 0)":[-12.426263897373701,6.977130660247282],"(2, 2, 1, 0)":[1.6361992582337948,6.927851964374277],"(2, 2, 2, 0)":[67.15640130559608,5.671205007976168]}