{"((-1, -1, -1, -1), (0, 0, 0, 0))":2.392797950445174,"((-1, -1, -1, -1), (2, 2, 1, 1))":-0.3175263685063567,"((1, 1, 0, 0), (0, 0, 0, 0))":2.4545840255946203,"((1, 1, 0, 0), (0, 1, 0, 0))":4.416085822314547,"((1, 1, 0, 0), (0, 0, 1, 0))":4.148354297034454,"((1, 1, 1, 0), (0, 0, 0, 0))":2.396790925688011,"((1, 1, 1, 0), (0, 1, 0, 0))":4.122935574409585,"((1, 1, 1, 0), (0, 0, -1, 0))":-0.11595525326873142,"((1, 2, 1, 0), (0, 0, 0, 0))":5.746089057964502,"((1, 2, 1, 0), (1, 0, 0, 0))":7.667765009951641,"((1, 2, 1, 0), (0, -1, 0, 0))":3.7016102872276835,"((1, 2, 1, 0), (0, 0, -1, 0))":3.306110440995189,"((1, 2, 1, 0), (0, 0, 1, 0))":4.86839877616936,"((2, 2, 1, 0), (0, 0, 0, 0))":1.4689181719838906,"((2, 2, 1, 0), (-1, 0, 0, 0))":-0.13005845215629375,"((2, 2, 1, 0), (0, 0, -1, 0))":1.2555971997306825,"((2, 2, 1, 0), (0, 0, 1, 0))":2.86762963611499,"((2, 2, 1, 0), (0, 0, 0, 1))":0.07258170074408707,"((2, 2, 1, 1), (0, 0, 0, 0))":3.1569551125583115,"((2, 2, 1, 1), (0, 0, -1, 0))":1.897580932735571,"((2, 2, 1, 1), (0, 0, 0, -1))":5.433847785452722,"((2, 2, 1, 1), (0, 0, 0, 1))":1.5108982640164343,"((2, 2, 0, 1), (0, 0, 0, 0))":2.999134752521494,"((2, 2, 0, 1), (-1, 0, 0, 0))":0.8189787916180454,"((2, 2, 0, 1), (0, 0, 1, 0))":4.649666904129846,"((2, 2, 0, 1), (0, 0, 0, -1))":5.352869236535913,"((2, 2, 0, 1), (0, 0, 0, 1))":0.8045464638861421,"((2, 2, 0, 2), (0, 0, 0, 0))":1.28629224718657,"((2, 2, 0, 2), (0, 0, 1, 0))":3.5238614298388713,"((2, 2, 0, 2), (0, 0, 0, -1))":3.339342394766493,"((2, 2, 1, 2), (0, 0, 0, 0))":2.6486589845501043,"((2, 2, 1, 2), (0, 0, -1, 0))":1.6622255911025927,"((2, 2, 1, 2), (0, 0, 0, -1))":5.633745772658265,"((1, 2, 0, 1), (0, 0, 0, 0))":1.8585554371105997,"((1, 2, 0, 1), (1, 0, 0, 0))":4.109680883847189,"((1, 2, 0, 1), (0, 0, 0, -1))":3.3020551196366537,"((2, 2, 0, 0), (0, 0, 0, 0))":3.3511830709412673,"((2, 2, 0, 0), (-1, 0, 0, 0))":1.3485955538267689,"((2, 2, 0, 0), (0, 0, 1, 0))":5.3079205884997185,"((2, 2, 0, 0), (0, 0, 0, 1))":1.5667460153183361,"((2, 2, 2, 0), (0, 0, 0, 0))":0.946221405665408,"((2, 2, 2, 0), (-1, 0, 0, 0))":-0.9947529339503487,"((2, 2, 2, 0), (0, 0, -1, 0))":0.8489097792091739,"((1, 2, 0, 0), (0, 0, 0, 0))":4.017387479082274,"((1, 2, 0, 0), (1, 0, 0, 0))":4.67931623316143,"((1, 2, 0, 0), (0, -1, 0, 0))":2.1873873519948144,"((1, 2, 0, 0), (0, 0, 1, 0))":7.274543026705046,"((1, 2, 0, 0), (0, 0, 0, 1))":1.8894131301233668,"((1, 2, 2, 0), (0, 0, 0, 0))":3.9687499176087737,"((1, 2, 2, 0), (1, 0, 0, 0))":5.771947809313844,"((1, 2, 2, 0), (0, 0, -1, 0))":4.493049487305289}