{"((1, 1, 0, 0), (0, 0, 0, 0))":0.997422348121535,"((1, 1, 0, 0), (0, 1, 0, 0))":-15.495486069780004,"((1, 1, 0, 0), (0, 0, 1, 0))":-19.618487136517622,"((-1, -1, -1, -1), (2, 2, 1, 1))":35.97364977398465,"((1, 2, 0, 0), (0, 0, 0, 0))":0,"((1, 2, 0, 0), (1, 0, 0, 0))":-4.73234420096935,"((1, 2, 0, 0), (0, -1, 0, 0))":2.2842505715231805,"((1, 2, 0, 0), (0, 0, 1, 0))":0,"((1, 2, 0, 0), (0, 0, 0, 1))":0.8370049746595045,"((2, 2, 0, 0), (0, 0, 0, 0))":0,"((2, 2, 0, 0), (-1, 0, 0, 0))":-0.45794420389951757,"((2, 2, 0, 0), (0, 0, 1, 0))":-0.2301192970580126,"((2, 2, 0, 0), (0, 0, 0, 1))":12.996944259201415,"((2, 2, 1, 0), (0, 0, 0, 0))":13.16922586899888,"((2, 2, 1, 0), (-1, 0, 0, 0))":42.983958885040096,"((2, 2, 1, 0), (0, 0, -1, 0))":-2.5888784422116435,"((2, 2, 1, 0), (0, 0, 1, 0))":61.84711526047717,"((2, 2, 1, 0), (0, 0, 0, 1))":32.72252018176135,"((2, 2, 2, 0), (0, 0, 0, 0))":3.489705749472451,"((2, 2, 2, 0), (-1, 0, 0, 0))":-9.04014714518943,"((2, 2, 2, 0), (0, 0, -1, 0))":-3.4134509343047577,"((2, 2, 1, 1), (0, 0, 0, 0))":-0.7926228018100139,"((2, 2, 1, 1), (0, 0, -1, 0))":-7.778530394342986,"((2, 2, 1, 1), (0, 0, 0, -1))":-2.7756493645610427,"((2, 2, 1, 1), (0, 0, 0, 1))":-14.978623009029814,"((2, 2, 0, 1), (0, 0, 0, 0))":1.4670415711426157,"((2, 2, 0, 1), (-1, 0, 0, 0))":-0.3862884522944708,"((2, 2, 0, 1), (0, 0, 1, 0))":14.517956499409374,"((2, 2, 0, 1), (0, 0, 0, -1))":-2.259074348155544,"((2, 2, 0, 1), (0, 0, 0, 1))":-5.697267842700166,"((2, 2, 0, 2), (0, 0, 0, 0))":0.6521276652577543,"((2, 2, 0, 2), (0, 0, 1, 0))":-6.931752355763854,"((2, 2, 0, 2), (0, 0, 0, -1))":6.469669365424966,"((2, 2, 1, 2), (0, 0, 0, 0))":1.5677505916982817,"((2, 2, 1, 2), (0, 0, -1, 0))":1.3741737130620322,"((2, 2, 1, 2), (0, 0, 0, -1))":33.70119072471489,"((1, 2, 2, 0), (0, 0, 0, 0))":2.683518098444276,"((1, 2, 2, 0), (1, 0, 0, 0))":35.288047396107366,"((1, 2, 2, 0), (0, 0, -1, 0))":12.286393029887748,"((1, 2, 1, 0), (0, 0, 0, 0))":-2.06016737324562,"((1, 2, 1, 0), (1, 0, 0, 0))":-9.788892955727807,"((1, 2, 1, 0), (0, -1, 0, 0))":-3.376020223198591,"((1, 2, 1, 0), (0, 0, -1, 0))":-14.324455378050994,"((1, 2, 1, 0), (0, 0, 1, 0))":-8.068858754745538,"((1, 1, 1, 0), (0, 0, 0, 0))":-4.04067163008866,"((1, 1, 1, 0), (0, 1, 0, 0))":-3.9863209548435368,"((1, 1, 1, 0), (0, 0, -1, 0))":-13.149233116984709,"((1, 2, 0, 1), (0, 0, 0, 0))":-0.26418866116275513,"((1, 2, 0, 1), (1, 0, 0, 0))":5.397926761945636,"((1, 2, 0, 1), (0, 0, 0, -1))":0,"((-1, -1, -1, -1), (0, 0, 0, 0))":0}