{"(-1, -1, -1, -1)":[0.5902646403940226,7.6369738035158],"(1, 1, 0, 0)":[-55.6466395327999,1.1009346379199259],"(1, 1, 1, 0)":[43.369267190136306,6.475430731707714],"(1, 2, 0, 1)":[32.92543041772789,0.5029771113255588],"(1, 2, 0, 0)":[64.84933161252754,9.909981678502362],"(1, 2, 1, 0)":[84.7535399099186,3.506508779633414],"(1, 2, 2, 0)":[11.976888034442979,1.9899304634530324],"(1, 3, 0, 2)":[92.67541670234472,0.15701053131493614],"(1, 3, 0, 1)":[62.98394942702629,9.361353891262947],"(1, 3, 1, 1)":[78.75061023077188,3.5221721747335435],"(1, 3, 0, 0)":[-98.44101858850559,1.522399957014059],"(1, 3, 1, 0)":[8.626323385583824,8.723011037427336],"(1, 3, 2, 0)":[-33.309635043116025,8.897678320783694],"(1, 3, 2, 1)":[77.85273442438144,8.225184327026353],"(1, 3, 3, 0)":[18.550579736542026,7.134553569141539],"(2, 2, 0, 2)":[9.38005045961976,1.2899278751990462],"(2, 2, 0, 1)":[96.92197730075975,2.7767530100337523],"(2, 2, 1, 2)":[15.03150540881667,1.2400933467185782],"(2, 2, 1, 1)":[37.273211092940784,4.381994493714317],"(2, 3, 0, 3)":[36.02660681946844,1.652336173587432],"(2, 3, 0, 2)":[-51.002464609248,9.391680543899643],"(2, 3, 0, 1)":[4.3990031293892,9.980476604289812],"(2, 3, 1, 2)":[58.73342485635772,3.44995614266426],"(2, 3, 1, 1)":[12.975842582942887,2.209610242565707],"(2, 3, 2, 2)":[47.413884265251305,2.915077467014968],"(2, 3, 2, 1)":[84.85632630633349,5.2763881728448725],"(2, 2, 0, 0)":[47.388150444945424,5.344411008596387],"(2, 2, 1, 0)":[-41.97857790959115,3.5107004159588238],"(2, 2, 2, 0)":[97.1690411648792,4.916372827286394],"(2, 3, 0, 0)":[21.16317683094295,8.163314995076377],"(2, 3, 1, 0)":[27.925888284028645,8.592032826118547],"(2, 3, 2, 0)":[13.282117289390438,7.64284477017942],"(2, 3, 3, 0)":[-89.4442427866076,4.92436951976397],"(2, 3, 3, 1)":[35.577346942794705,9.734941814389273],"(3, 3, 0, 4)":[22.926518474840996,0.8229117933642027],"(3, 3, 0, 3)":[30.579232867273486,2.933554722645276],"(3, 3, 0, 2)":[97.96022100810883,4.601141993449911],"(3, 3, 1, 4)":[97.19077233313574,6.46276482796551],"(3, 3, 1, 3)":[16.086113626731002,5.954541184914822],"(3, 3, 1, 2)":[-8.586657875656211,4.407749027793696],"(3, 3, 0, 1)":[71.91755349950809,7.284792907114667],"(3, 3, 1, 1)":[44.71359907986769,6.525460542275573],"(3, 3, 2, 1)":[6.597158042708983,9.99779470167542],"(3, 3, 2, 2)":[32.3397044464405,8.85494205967026],"(3, 3, 3, 1)":[-7.587814446055285,5.856876808207636],"(3, 3, 0, 0)":[6.071130300829342,8.331812322750752],"(3, 3, 1, 0)":[63.13595082361475,9.426997628889447],"(3, 3, 2, 0)":[83.78860323219989,1.3551727446114958],"(3, 3, 3, 0)":[8.370258539680941,8.875795085370871]}