{"((-1, -1, -1, -1), (0, 0, 0, 0))":0,"((-1, -1, -1, -1), (2, 2, 1, 1))":-55.12032832187479,"((1, 1, 0, 0), (0, 0, 0, 0))":-1.3449074072092138,"((1, 1, 0, 0), (0, 1, 0, 0))":8.866496828743113,"((1, 1, 0, 0), (0, 0, 1, 0))":0,"((1, 2, 0, 0), (0, 0, 0, 0))":0,"((1, 2, 0, 0), (1, 0, 0, 0))":-10.440703327960634,"((1, 2, 0, 0), (0, -1, 0, 0))":0,"((1, 2, 0, 0), (0, 0, 1, 0))":2.562482071787832,"((1, 2, 0, 0), (0, 0, 0, 1))":0,"((2, 2, 0, 0), (0, 0, 0, 0))":-0.21720852320018477,"((2, 2, 0, 0), (-1, 0, 0, 0))":0.3645349991800643,"((2, 2, 0, 0), (0, 0, 1, 0))":2.2381594480816736,"((2, 2, 0, 0), (0, 0, 0, 1))":10.426679208993754,"((2, 2, 1, 0), (0, 0, 0, 0))":25.361530280190284,"((2, 2, 1, 0), (-1, 0, 0, 0))":14.417051371428068,"((2, 2, 1, 0), (0, 0, -1, 0))":2.6446856734818605,"((2, 2, 1, 0), (0, 0, 1, 0))":55.53215566335482,"((2, 2, 1, 0), (0, 0, 0, 1))":2.027598529491388,"((2, 2, 2, 0), (0, 0, 0, 0))":1.4311495800284986,"((2, 2, 2, 0), (-1, 0, 0, 0))":-4.657456640109043,"((2, 2, 2, 0), (0, 0, -1, 0))":-4.607443202899858,"((1, 2, 2, 0), (0, 0, 0, 0))":44.4567443205924,"((1, 2, 2, 0), (1, 0, 0, 0))":85.76005032455919,"((1, 2, 2, 0), (0, 0, -1, 0))":44.586474825812836,"((1, 2, 1, 0), (0, 0, 0, 0))":-0.28943143221037604,"((1, 2, 1, 0), (1, 0, 0, 0))":-3.413976520605943,"((1, 2, 1, 0), (0, -1, 0, 0))":-3.4651058088578273,"((1, 2, 1, 0), (0, 0, -1, 0))":-2.048583046720894,"((1, 2, 1, 0), (0, 0, 1, 0))":4.177492370878648,"((2, 2, 1, 1), (0, 0, 0, 0))":-0.09400095198441716,"((2, 2, 1, 1), (0, 0, -1, 0))":1.1605789661642212,"((2, 2, 1, 1), (0, 0, 0, -1))":19.825668006013327,"((2, 2, 1, 1), (0, 0, 0, 1))":-2.6354152395905475,"((2, 2, 1, 2), (0, 0, 0, 0))":0,"((2, 2, 1, 2), (0, 0, -1, 0))":-0.30946472776534567,"((2, 2, 1, 2), (0, 0, 0, -1))":4.209882053653666,"((2, 2, 0, 1), (0, 0, 0, 0))":0.7942692646363472,"((2, 2, 0, 1), (-1, 0, 0, 0))":-6.648708923681012,"((2, 2, 0, 1), (0, 0, 1, 0))":-8.769608724670585,"((2, 2, 0, 1), (0, 0, 0, -1))":-1.7596532912020162,"((2, 2, 0, 1), (0, 0, 0, 1))":-12.334470987697781,"((1, 1, 1, 0), (0, 0, 0, 0))":0,"((1, 1, 1, 0), (0, 1, 0, 0))":3.288753907816063,"((1, 1, 1, 0), (0, 0, -1, 0))":0,"((2, 2, 0, 2), (0, 0, 0, 0))":0.1854569256968642,"((2, 2, 0, 2), (0, 0, 1, 0))":0.8330928065979699,"((2, 2, 0, 2), (0, 0, 0, -1))":9.31425935165016,"((1, 2, 0, 1), (0, 0, 0, 0))":0.07085826767027555,"((1, 2, 0, 1), (1, 0, 0, 0))":7.032908008568501,"((1, 2, 0, 1), (0, 0, 0, -1))":0}