{"((-1, -1, -1, -1), (0, 0, 0, 0))":0,"((-1, -1, -1, -1), (2, 2, 1, 1))":2.248569925915554,"((1, 1, 0, 0), (0, 0, 0, 0))":0,"((1, 1, 0, 0), (0, 1, 0, 0))":0.11440305183238746,"((1, 1, 0, 0), (0, 0, 1, 0))":0,"((1, 2, 0, 0), (0, 0, 0, 0))":0,"((1, 2, 0, 0), (1, 0, 0, 0))":2.311708495332284,"((1, 2, 0, 0), (0, -1, 0, 0))":0,"((1, 2, 0, 0), (0, 1, 0, 0))":0,"((1, 2, 0, 0), (0, 0, 1, 0))":0,"((1, 2, 0, 0), (0, 0, 0, 1))":0,"((2, 2, 0, 0), (0, 0, 0, 0))":0,"((2, 2, 0, 0), (-1, 0, 0, 0))":0,"((2, 2, 0, 0), (0, 1, 0, 0))":1.4240371295508143,"((2, 2, 0, 0), (0, 0, 1, 0))":0,"((2, 2, 0, 0), (0, 0, 0, 1))":0,"((2, 3, 0, 0), (0, 0, 0, 0))":0,"((2, 3, 0, 0), (-1, 0, 0, 0))":0,"((2, 3, 0, 0), (1, 0, 0, 0))":0,"((2, 3, 0, 0), (0, -1, 0, 0))":0,"((2, 3, 0, 0), (0, 0, 1, 0))":-0.35735273893170116,"((2, 3, 0, 0), (0, 0, 0, 1))":0,"((2, 3, 1, 0), (0, 0, 0, 0))":0,"((2, 3, 1, 0), (-1, 0, 0, 0))":0,"((2, 3, 1, 0), (1, 0, 0, 0))":-3.596566171275288,"((2, 3, 1, 0), (0, -1, 0, 0))":0,"((2, 3, 1, 0), (0, 0, -1, 0))":0,"((2, 3, 1, 0), (0, 0, 1, 0))":2.12871512138815,"((2, 3, 1, 0), (0, 0, 0, 1))":0,"((3, 3, 1, 0), (0, 0, 0, 0))":-0.43775880956370194,"((3, 3, 1, 0), (-1, 0, 0, 0))":0,"((3, 3, 1, 0), (0, 0, -1, 0))":-0.4645876115407731,"((3, 3, 1, 0), (0, 0, 1, 0))":-0.7571280329810313,"((3, 3, 1, 0), (0, 0, 0, 1))":-1.3504091137507914,"((3, 3, 2, 0), (0, 0, 0, 0))":0.6826639805164638,"((3, 3, 2, 0), (-1, 0, 0, 0))":-2.3938005494170294,"((3, 3, 2, 0), (0, 0, -1, 0))":-11.27839505090813,"((3, 3, 2, 0), (0, 0, 1, 0))":3.3445143497685907,"((3, 3, 2, 0), (0, 0, 0, 1))":0.2745076115373638,"((3, 3, 3, 0), (0, 0, 0, 0))":-5.024275599492746,"((3, 3, 3, 0), (-1, 0, 0, 0))":-19.151835455674675,"((3, 3, 3, 0), (0, 0, -1, 0))":-2.55730065055616,"((3, 3, 3, 0), (0, 0, 0, 1))":-8.493918163365134,"((3, 3, 3, 1), (0, 0, 0, 0))":8.648995700190618,"((3, 3, 3, 1), (-1, 0, 0, 0))":-0.6697078695211955,"((3, 3, 3, 1), (0, 0, -1, 0))":2.275782678109452,"((3, 3, 3, 1), (0, 0, 0, -1))":23.003226847131636,"((2, 3, 3, 0), (0, 0, 0, 0))":-2.77743540230879,"((2, 3, 3, 0), (-1, 0, 0, 0))":-1.642829185076823,"((2, 3, 3, 0), (1, 0, 0, 0))":5.713138334997602,"((2, 3, 3, 0), (0, 0, -1, 0))":1.2742692957198853,"((2, 3, 3, 0), (0, 0, 0, 1))":-0.7942278691323246,"((2, 3, 2, 0), (0, 0, 0, 0))":0,"((2, 3, 2, 0), (-1, 0, 0, 0))":0,"((2, 3, 2, 0), (1, 0, 0, 0))":16.12087072565671,"((2, 3, 2, 0), (0, -1, 0, 0))":-0.15945075951403168,"((2, 3, 2, 0), (0, 0, -1, 0))":-1.8860272553142428,"((2, 3, 2, 0), (0, 0, 1, 0))":-0.8631476013356055,"((2, 3, 2, 0), (0, 0, 0, 1))":-1.488131068252473,"((2, 3, 2, 1), (0, 0, 0, 0))":0,"((2, 3, 2, 1), (-1, 0, 0, 0))":0,"((2, 3, 2, 1), (1, 0, 0, 0))":2.777975907722362,"((2, 3, 2, 1), (0, 0, -1, 0))":0,"((2, 3, 2, 1), (0, 0, 1, 0))":0,"((2, 3, 2, 1), (0, 0, 0, -1))":0,"((2, 3, 2, 1), (0, 0, 0, 1))":0,"((3, 3, 2, 1), (0, 0, 0, 0))":0,"((3, 3, 2, 1), (-1, 0, 0, 0))":0.27771444744365353,"((3, 3, 2, 1), (0, 0, -1, 0))":-2.792147952180657,"((3, 3, 2, 1), (0, 0, 1, 0))":9.974465683964235,"((3, 3, 2, 1), (0, 0, 0, -1))":1.760089540007714,"((3, 3, 2, 1), (0, 0, 0, 1))":-1.1556555910189348,"((2, 3, 3, 1), (0, 0, 0, 0))":0,"((2, 3, 3, 1), (1, 0, 0, 0))":7.30638773174565,"((2, 3, 3, 1), (0, 0, -1, 0))":0,"((2, 3, 3, 1), (0, 0, 0, -1))":0,"((3, 3, 1, 1), (0, 0, 0, 0))":-0.032282527143057155,"((3, 3, 1, 1), (-1, 0, 0, 0))":0,"((3, 3, 1, 1), (0, 0, -1, 0))":0,"((3, 3, 1, 1), (0, 0, 1, 0))":-2.4583509634589276,"((3, 3, 1, 1), (0, 0, 0, -1))":0,"((3, 3, 1, 1), (0, 0, 0, 1))":0.5427392963382816,"((1, 3, 3, 0), (0, 0, 0, 0))":0,"((1, 3, 3, 0), (1, 0, 0, 0))":1.5223390807633088,"((1, 3, 3, 0), (0, 0, -1, 0))":0,"((2, 2, 2, 0), (0, 0, 0, 0))":0,"((2, 2, 2, 0), (-1, 0, 0, 0))":0,"((2, 2, 2, 0), (0, 1, 0, 0))":-0.16860261951953273,"((2, 2, 2, 0), (0, 0, -1, 0))":0,"((3, 3, 1, 2), (0, 0, 0, 0))":0.26175615970699473,"((3, 3, 1, 2), (-1, 0, 0, 0))":-0.6947432553996621,"((3, 3, 1, 2), (0, 0, -1, 0))":-1.432773682462466,"((3, 3, 1, 2), (0, 0, 1, 0))":-0.5213190927324549,"((3, 3, 1, 2), (0, 0, 0, -1))":0.2538019820827275,"((3, 3, 1, 2), (0, 0, 0, 1))":0.23957461870827823,"((3, 3, 2, 2), (0, 0, 0, 0))":-0.0056158401040949935,"((3, 3, 2, 2), (-1, 0, 0, 0))":0,"((3, 3, 2, 2), (0, 0, -1, 0))":0,"((3, 3, 2, 2), (0, 0, 0, -1))":4.6146819942874995,"((3, 3, 0, 0), (0, 0, 0, 0))":0,"((3, 3, 0, 0), (-1, 0, 0, 0))":0,"((3, 3, 0, 0), (0, 0, 1, 0))":0,"((3, 3, 0, 0), (0, 0, 0, 1))":-0.009059182014225375,"((3, 3, 0, 1), (0, 0, 0, 0))":0,"((3, 3, 0, 1), (-1, 0, 0, 0))":0,"((3, 3, 0, 1), (0, 0, 1, 0))":-0.01644085617667706,"((3, 3, 0, 1), (0, 0, 0, -1))":0,"((3, 3, 0, 1), (0, 0, 0, 1))":0,"((3, 3, 1, 3), (0, 0, 0, 0))":-0.07952846910882244,"((3, 3, 1, 3), (0, 0, -1, 0))":-0.07177643259058154,"((3, 3, 1, 3), (0, 0, 0, -1))":-0.0200862154430278,"((3, 3, 1, 3), (0, 0, 0, 1))":-0.15673482791545548,"((3, 3, 1, 4), (0, 0, 0, 0))":0,"((3, 3, 1, 4), (0, 0, -1, 0))":-0.21560627383349262,"((3, 3, 1, 4), (0, 0, 0, -1))":0,"((3, 3, 0, 4), (0, 0, 0, 0))":-0.038426132964455795,"((3, 3, 0, 4), (0, 0, 1, 0))":0,"((3, 3, 0, 4), (0, 0, 0, -1))":0.12853557146619438,"((3, 3, 0, 3), (0, 0, 0, 0))":0,"((3, 3, 0, 3), (-1, 0, 0, 0))":0,"((3, 3, 0, 3), (0, 0, 1, 0))":0.4525364467853149,"((3, 3, 0, 3), (0, 0, 0, -1))":0,"((3, 3, 0, 3), (0, 0, 0, 1))":-0.04126082789168255,"((3, 3, 0, 2), (0, 0, 0, 0))":0,"((3, 3, 0, 2), (-1, 0, 0, 0))":0,"((3, 3, 0, 2), (0, 0, 1, 0))":1.7255331667495153,"((3, 3, 0, 2), (0, 0, 0, -1))":0,"((3, 3, 0, 2), (0, 0, 0, 1))":0,"((2, 3, 1, 2), (0, 0, 0, 0))":0,"((2, 3, 1, 2), (1, 0, 0, 0))":0.24794037281462017,"((2, 3, 1, 2), (0, -1, 0, 0))":0,"((2, 3, 1, 2), (0, 0, -1, 0))":0,"((2, 3, 1, 2), (0, 0, 1, 0))":0,"((2, 3, 1, 2), (0, 0, 0, -1))":0}